{
  "e8c67a52-df71-409c-8e5f-f45841bfe807": {
    "id": "e8c67a52-df71-409c-8e5f-f45841bfe807",
    "invoice_number": "INV-2026-10001",
    "client_id": "client-001",
    "client_name": "Daraz Lanka",
    "contract_id": "CON-5001",
    "billing_period_start": "2026-01-01",
    "billing_period_end": "2026-01-31",
    "total_deliveries": 1450,
    "successful_deliveries": 1398,
    "failed_deliveries": 52,
    "total_amount": 308625.0,
    "paid_amount": 308625.0,
    "payment_status": "paid",
    "payment_date": "2026-02-15",
    "notes": "January billing - High volume promotional event",
    "created_at": "2026-02-01T20:14:33.650137",
    "updated_at": "2026-02-01T20:14:33.650153"
  },
  "d8c06799-1122-4990-8135-43babfa8819f": {
    "id": "d8c06799-1122-4990-8135-43babfa8819f",
    "invoice_number": "INV-2026-10002",
    "client_id": "client-002",
    "client_name": "Kapruka.com",
    "contract_id": "CON-5002",
    "billing_period_start": "2026-01-01",
    "billing_period_end": "2026-01-31",
    "total_deliveries": 856,
    "successful_deliveries": 834,
    "failed_deliveries": 22,
    "total_amount": 205440.0,
    "paid_amount": 0.0,
    "payment_status": "pending",
    "payment_date": null,
    "notes": null,
    "created_at": "2026-02-01T20:14:33.650163",
    "updated_at": "2026-02-01T20:14:33.650165"
  }
}