{
  "c1a2b3c4-1234-5678-90ab-cdef12345678": {
    "id": "c1a2b3c4-1234-5678-90ab-cdef12345678",
    "name": "Tech Startup Inc",
    "email": "contact@techstartup.com",
    "phone": "+1-555-0301",
    "address": "100 Innovation Drive, San Francisco, CA 94105",
    "membership_level": "gold",
    "created_at": "2024-01-10T09:00:00",
    "updated_at": "2024-01-10T09:00:00"
  },
  "c2b3c4d5-2345-6789-01bc-def123456789": {
    "id": "c2b3c4d5-2345-6789-01bc-def123456789",
    "name": "Retail Solutions LLC",
    "email": "info@retailsolutions.com",
    "phone": "+1-555-0302",
    "address": "250 Commerce Blvd, New York, NY 10001",
    "membership_level": "platinum",
    "created_at": "2024-01-12T11:30:00",
    "updated_at": "2024-01-20T15:45:00"
  },
  "c3c4d5e6-3456-7890-12cd-ef0123456790": {
    "id": "c3c4d5e6-3456-7890-12cd-ef0123456790",
    "name": "Small Business Co",
    "email": "owner@smallbiz.com",
    "phone": "+1-555-0303",
    "address": "45 Main Street, Austin, TX 78701",
    "membership_level": "basic",
    "created_at": "2024-01-25T14:00:00",
    "updated_at": "2024-01-25T14:00:00"
  },
  "c4d5e6f7-4567-8901-23de-f01234567891": {
    "id": "c4d5e6f7-4567-8901-23de-f01234567891",
    "name": "Enterprise Global",
    "email": "partnerships@enterprise.global",
    "phone": "+1-555-0304",
    "address": "500 Corporate Plaza, Chicago, IL 60606",
    "membership_level": "silver",
    "created_at": "2024-02-01T10:15:00",
    "updated_at": "2024-02-05T16:30:00"
  },
  "8ff95df6-d14d-45e5-a0fd-c9d8f2392362": {
    "id": "8ff95df6-d14d-45e5-a0fd-c9d8f2392362",
    "name": "Mega Corp Ltd",
    "email": "contact@megacorp.com",
    "phone": "+1-555-0305",
    "address": "1000 Business Park, Seattle, WA 98101",
    "membership_level": "platinum",
    "created_at": "2026-02-01T13:00:19.968897",
    "updated_at": "2026-02-01T13:00:19.968897"
  }
}