{
  "3fa15c36-06df-4e55-80ab-8957f2b317a1": {
    "id": "3fa15c36-06df-4e55-80ab-8957f2b317a1",
    "contract_number": "CON-5001",
    "client_id": "client-001",
    "client_name": "Daraz Lanka",
    "contract_type": "monthly",
    "status": "active",
    "start_date": "2026-01-01",
    "end_date": "2026-12-31",
    "base_rate": 250.0,
    "volume_discount": 15.0,
    "payment_terms": "NET-30",
    "special_terms": "Priority support during promotional events",
    "created_at": "2026-02-01T20:14:33.639544",
    "updated_at": "2026-02-01T20:14:33.639556"
  },
  "9bd2f27e-6690-43b6-9f66-fb90d0912aac": {
    "id": "9bd2f27e-6690-43b6-9f66-fb90d0912aac",
    "contract_number": "CON-5002",
    "client_id": "client-002",
    "client_name": "Kapruka.com",
    "contract_type": "tiered",
    "status": "active",
    "start_date": "2025-06-01",
    "end_date": "2027-05-31",
    "base_rate": 300.0,
    "volume_discount": 20.0,
    "payment_terms": "NET-15",
    "special_terms": "Same-day delivery option available",
    "created_at": "2026-02-01T20:14:33.639564",
    "updated_at": "2026-02-01T20:14:33.639566"
  }
}