{
  "e20a1b70-67c9-4fb4-9f6d-56ba97a87c14": {
    "id": "e20a1b70-67c9-4fb4-9f6d-56ba97a87c14",
    "name": "John Doe",
    "email": "john.doe@example.com",
    "phone": "+1-555-0101",
    "address": "123 Main St, New York, NY 10001",
    "company": "Tech Corp",
    "status": "active",
    "created_at": "2026-02-01T11:57:56.907611",
    "updated_at": "2026-02-01T11:57:56.907611"
  },
  "ef5d64e4-b3fa-43d7-b4be-6339779d11e3": {
    "id": "ef5d64e4-b3fa-43d7-b4be-6339779d11e3",
    "name": "Jane Smith",
    "email": "jane.smith@example.com",
    "phone": "+1-555-0102",
    "address": "456 Oak Ave, Los Angeles, CA 90001",
    "company": "Retail Inc",
    "status": "active",
    "created_at": "2026-02-01T11:57:56.907661",
    "updated_at": "2026-02-01T11:57:56.907661"
  },
  "6a00dcad-333a-4e0d-9702-08119f759329": {
    "id": "6a00dcad-333a-4e0d-9702-08119f759329",
    "name": "Test User",
    "email": "test@example.com",
    "phone": "+1-555-9999",
    "address": "123 Test St",
    "company": "Test Co",
    "status": "active",
    "created_at": "2026-02-01T12:00:25.157562",
    "updated_at": "2026-02-01T12:00:25.157562"
  }
}