{
  "23ed1992-52a6-4def-9e00-53b21c155a5b": {
    "id": "23ed1992-52a6-4def-9e00-53b21c155a5b",
    "name": "Mike Wilson",
    "email": "mike.wilson@swiftlogistics.com",
    "phone": "+1-555-0201",
    "license_number": "DL123456789",
    "vehicle_id": "VH-001",
    "status": "available",
    "created_at": "2024-01-15T10:00:00",
    "updated_at": "2024-01-15T10:00:00"
  },
  "a2fe281e-3bfb-42c9-9378-4411eecdd9bc": {
    "id": "a2fe281e-3bfb-42c9-9378-4411eecdd9bc",
    "name": "Sarah Johnson",
    "email": "sarah.johnson@swiftlogistics.com",
    "phone": "+1-555-0202",
    "license_number": "DL987654321",
    "vehicle_id": "VH-002",
    "status": "on_duty",
    "created_at": "2024-01-20T14:30:00",
    "updated_at": "2024-01-25T09:15:00"
  },
  "d3c4d5e6-7890-12cd-ef01-3456789012cd": {
    "id": "d3c4d5e6-7890-12cd-ef01-3456789012cd",
    "name": "David Martinez",
    "email": "david.martinez@swiftlogistics.com",
    "phone": "+1-555-0203",
    "license_number": "DL345678901",
    "vehicle_id": null,
    "status": "off_duty",
    "created_at": "2024-02-01T08:00:00",
    "updated_at": "2024-02-10T17:45:00"
  },
  "d6213c0e-e4b8-42e8-9e77-87f441e58157": {
    "id": "d6213c0e-e4b8-42e8-9e77-87f441e58157",
    "name": "Alex Rodriguez",
    "email": "alex.rodriguez@swiftlogistics.com",
    "phone": "+1-555-0204",
    "license_number": "DL555666777",
    "vehicle_id": "VH-003",
    "status": "available",
    "created_at": "2026-02-01T13:00:18.909238",
    "updated_at": "2026-02-01T13:00:18.909238"
  },
  "6166a716-7499-4360-8113-22f1b8afe56e": {
    "id": "6166a716-7499-4360-8113-22f1b8afe56e",
    "name": "Alex Rodriguez",
    "email": "alex.rodriguez@swiftlogistics.com",
    "phone": "+1-555-0204",
    "license_number": "DL555666777",
    "vehicle_id": "VH-003",
    "status": "available",
    "created_at": "2026-02-01T13:00:31.171544",
    "updated_at": "2026-02-01T13:00:31.171544"
  },
  "7c7467bd-d566-4ebc-9748-2a600fc4ff70": {
    "id": "7c7467bd-d566-4ebc-9748-2a600fc4ff70",
    "name": "Alex Rodriguez",
    "email": "alex@test.com",
    "phone": "555-0204",
    "license_number": "DL555666777",
    "vehicle_id": null,
    "status": "available",
    "created_at": "2026-02-01T13:00:39.136464",
    "updated_at": "2026-02-01T13:00:39.136464"
  }
}