{
  "2a155f9f-8c2c-4c78-800c-8bb3d8b196f8": {
    "id": "2a155f9f-8c2c-4c78-800c-8bb3d8b196f8",
    "order_number": "ORD-2026-1001",
    "client_id": "client-001",
    "client_name": "Daraz Lanka",
    "delivery_address": {
      "street": "No. 45, Galle Road",
      "city": "Colombo",
      "postal_code": "00300",
      "province": "Western",
      "country": "Sri Lanka",
      "contact_name": "Nimal Perera",
      "contact_phone": "+94771234567"
    },
    "items": [
      {
        "sku": "PHONE-001",
        "description": "Samsung Galaxy S24",
        "quantity": 1,
        "weight": 0.5,
        "value": 185000.0
      }
    ],
    "status": "ready_for_delivery",
    "priority": "normal",
    "assigned_driver_id": null,
    "assigned_route_id": null,
    "warehouse_location": "ZONE-A-RACK-12",
    "scheduled_date": "2026-02-02",
    "special_instructions": "Fragile - Handle with care",
    "failure_reason": null,
    "failure_notes": null,
    "proof_of_delivery": null,
    "created_at": "2026-02-01T20:14:33.623078",
    "updated_at": "2026-02-01T20:14:33.623341"
  },
  "9875af9d-1825-4fab-9bd6-08f43c2042b5": {
    "id": "9875af9d-1825-4fab-9bd6-08f43c2042b5",
    "order_number": "ORD-2026-1002",
    "client_id": "client-002",
    "client_name": "Kapruka.com",
    "delivery_address": {
      "street": "123, Main Street, Kandy",
      "city": "Kandy",
      "postal_code": "20000",
      "province": "Central",
      "country": "Sri Lanka",
      "contact_name": "Sunil Fernando",
      "contact_phone": "+94712345678"
    },
    "items": [
      {
        "sku": "GIFT-BASKET-01",
        "description": "Avurudu Gift Basket",
        "quantity": 2,
        "weight": 3.5,
        "value": 8500.0
      }
    ],
    "status": "pending",
    "priority": "high",
    "assigned_driver_id": null,
    "assigned_route_id": null,
    "warehouse_location": null,
    "scheduled_date": "2026-04-13",
    "special_instructions": "Avurudu special delivery - Must arrive before April 13",
    "failure_reason": null,
    "failure_notes": null,
    "proof_of_delivery": null,
    "created_at": "2026-02-01T20:14:33.623392",
    "updated_at": "2026-02-01T20:14:33.623398"
  }
}